,0
2026-09-20 00:00:00+02:00,2012.0
2026-09-20 00:15:00+02:00,1985.0
2026-09-20 00:30:00+02:00,1943.0
2026-09-20 00:45:00+02:00,1927.0
2026-09-20 01:00:00+02:00,1812.0
2026-09-20 01:15:00+02:00,1809.0
2026-09-20 01:30:00+02:00,1809.0
2026-09-20 01:45:00+02:00,1809.0
2026-09-20 02:00:00+02:00,1648.0
2026-09-20 02:15:00+02:00,1807.0
2026-09-20 02:30:00+02:00,1829.0
2026-09-20 02:45:00+02:00,1704.0
2026-09-20 03:00:00+02:00,1839.0
2026-09-20 03:15:00+02:00,1808.0
2026-09-20 03:30:00+02:00,1899.0
2026-09-20 03:45:00+02:00,1827.0
2026-09-20 04:00:00+02:00,2117.0
2026-09-20 04:15:00+02:00,2178.0
2026-09-20 04:30:00+02:00,2221.0
2026-09-20 04:45:00+02:00,2234.0
2026-09-20 05:00:00+02:00,2513.0
2026-09-20 05:15:00+02:00,2543.0
2026-09-20 05:30:00+02:00,2541.0
2026-09-20 05:45:00+02:00,2580.0
2026-09-20 06:00:00+02:00,2218.0
2026-09-20 06:15:00+02:00,2215.0
2026-09-20 06:30:00+02:00,2292.0
2026-09-20 06:45:00+02:00,2421.0
2026-09-20 07:00:00+02:00,2619.0
2026-09-20 07:15:00+02:00,2622.0
2026-09-20 07:30:00+02:00,2667.0
2026-09-20 07:45:00+02:00,2720.0
2026-09-20 08:00:00+02:00,2340.0
2026-09-20 08:15:00+02:00,2372.0
2026-09-20 08:30:00+02:00,2277.0
2026-09-20 08:45:00+02:00,1750.0
2026-09-20 09:00:00+02:00,1594.0
2026-09-20 09:15:00+02:00,1237.0
2026-09-20 09:30:00+02:00,485.0
2026-09-20 09:45:00+02:00,226.0
2026-09-20 10:00:00+02:00,122.0
2026-09-20 10:15:00+02:00,183.0
2026-09-20 10:30:00+02:00,64.0
2026-09-20 10:45:00+02:00,-367.0
2026-09-20 11:00:00+02:00,-480.0
2026-09-20 11:15:00+02:00,-881.0
2026-09-20 11:30:00+02:00,-1047.0
2026-09-20 11:45:00+02:00,-1239.0
2026-09-20 12:00:00+02:00,-1374.0
2026-09-20 12:15:00+02:00,-1330.0
2026-09-20 12:30:00+02:00,-1297.0
2026-09-20 12:45:00+02:00,-1284.0
2026-09-20 13:00:00+02:00,-1377.0
2026-09-20 13:15:00+02:00,-1389.0
2026-09-20 13:30:00+02:00,-1343.0
2026-09-20 13:45:00+02:00,-1354.0
2026-09-20 14:00:00+02:00,-1421.0
2026-09-20 14:15:00+02:00,-1441.0
2026-09-20 14:30:00+02:00,-1440.0
2026-09-20 14:45:00+02:00,-1424.0
2026-09-20 15:00:00+02:00,-1498.0
2026-09-20 15:15:00+02:00,-1562.0
2026-09-20 15:30:00+02:00,-1517.0
2026-09-20 15:45:00+02:00,-1028.0
2026-09-20 16:00:00+02:00,-523.0
2026-09-20 16:15:00+02:00,-325.0
2026-09-20 16:30:00+02:00,-23.0
2026-09-20 16:45:00+02:00,179.0
2026-09-20 17:00:00+02:00,-39.0
2026-09-20 17:15:00+02:00,556.0
2026-09-20 17:30:00+02:00,468.0
2026-09-20 17:45:00+02:00,1107.0
2026-09-20 18:00:00+02:00,878.0
2026-09-20 18:15:00+02:00,1645.0
2026-09-20 18:30:00+02:00,1691.0
2026-09-20 18:45:00+02:00,1866.0
2026-09-20 19:00:00+02:00,1918.0
2026-09-20 19:15:00+02:00,1969.0
2026-09-20 19:30:00+02:00,1968.0
2026-09-20 19:45:00+02:00,2052.0
2026-09-20 20:00:00+02:00,2269.0
2026-09-20 20:15:00+02:00,2364.0
2026-09-20 20:30:00+02:00,2322.0
2026-09-20 20:45:00+02:00,2458.0
2026-09-20 21:00:00+02:00,2303.0
2026-09-20 21:15:00+02:00,2327.0
2026-09-20 21:30:00+02:00,2230.0
2026-09-20 21:45:00+02:00,2215.0
2026-09-20 22:00:00+02:00,2357.0
2026-09-20 22:15:00+02:00,2415.0
2026-09-20 22:30:00+02:00,2398.0
2026-09-20 22:45:00+02:00,2405.0
2026-09-20 23:00:00+02:00,2297.0
2026-09-20 23:15:00+02:00,2230.0
2026-09-20 23:30:00+02:00,2159.0
2026-09-20 23:45:00+02:00,2104.0
2026-09-21 00:00:00+02:00,1627.0
2026-09-21 00:15:00+02:00,1566.0
2026-09-21 00:30:00+02:00,1532.0
2026-09-21 00:45:00+02:00,1421.0
2026-09-21 01:00:00+02:00,1359.0
2026-09-21 01:15:00+02:00,1248.0
2026-09-21 01:30:00+02:00,1273.0
2026-09-21 01:45:00+02:00,1295.0
2026-09-21 02:00:00+02:00,1039.0
2026-09-21 02:15:00+02:00,1008.0
2026-09-21 02:30:00+02:00,1104.0
2026-09-21 02:45:00+02:00,1125.0
2026-09-21 03:00:00+02:00,961.0
2026-09-21 03:15:00+02:00,977.0
2026-09-21 03:30:00+02:00,1041.0
2026-09-21 03:45:00+02:00,1242.0
2026-09-21 04:00:00+02:00,1309.0
2026-09-21 04:15:00+02:00,1387.0
2026-09-21 04:30:00+02:00,1702.0
2026-09-21 04:45:00+02:00,1722.0
2026-09-21 05:00:00+02:00,2330.0
2026-09-21 05:15:00+02:00,2384.0
2026-09-21 05:30:00+02:00,2403.0
2026-09-21 05:45:00+02:00,2694.0
2026-09-21 06:00:00+02:00,3078.0
2026-09-21 06:15:00+02:00,3087.0
2026-09-21 06:30:00+02:00,3102.0
2026-09-21 06:45:00+02:00,3035.0
2026-09-21 07:00:00+02:00,2827.0
2026-09-21 07:15:00+02:00,2766.0
2026-09-21 07:30:00+02:00,2780.0
2026-09-21 07:45:00+02:00,2828.0
2026-09-21 08:00:00+02:00,3035.0
2026-09-21 08:15:00+02:00,3164.0
2026-09-21 08:30:00+02:00,3071.0
2026-09-21 08:45:00+02:00,2795.0
2026-09-21 09:00:00+02:00,2259.0
2026-09-21 09:15:00+02:00,2189.0
2026-09-21 09:30:00+02:00,2003.0
2026-09-21 09:45:00+02:00,1974.0
2026-09-21 10:00:00+02:00,1672.0
2026-09-21 10:15:00+02:00,1252.0
2026-09-21 10:30:00+02:00,669.0
2026-09-21 10:45:00+02:00,-493.0
2026-09-21 11:00:00+02:00,288.0
2026-09-21 11:15:00+02:00,-429.0
2026-09-21 11:30:00+02:00,-614.0
2026-09-21 11:45:00+02:00,-617.0
2026-09-21 12:00:00+02:00,-245.0
2026-09-21 12:15:00+02:00,-207.0
2026-09-21 12:30:00+02:00,-263.0
2026-09-21 12:45:00+02:00,-193.0
2026-09-21 13:00:00+02:00,-52.0
2026-09-21 13:15:00+02:00,-73.0
2026-09-21 13:30:00+02:00,-282.0
2026-09-21 13:45:00+02:00,-397.0
2026-09-21 14:00:00+02:00,-316.0
2026-09-21 14:15:00+02:00,-308.0
2026-09-21 14:30:00+02:00,-225.0
2026-09-21 14:45:00+02:00,-267.0
2026-09-21 15:00:00+02:00,-187.0
2026-09-21 15:15:00+02:00,-187.0
2026-09-21 15:30:00+02:00,-330.0
2026-09-21 15:45:00+02:00,-129.0
2026-09-21 16:00:00+02:00,-629.0
2026-09-21 16:15:00+02:00,-53.0
2026-09-21 16:30:00+02:00,634.0
2026-09-21 16:45:00+02:00,842.0
2026-09-21 17:00:00+02:00,1320.0
2026-09-21 17:15:00+02:00,1604.0
2026-09-21 17:30:00+02:00,2008.0
2026-09-21 17:45:00+02:00,1927.0
2026-09-21 18:00:00+02:00,2714.0
2026-09-21 18:15:00+02:00,2620.0
2026-09-21 18:30:00+02:00,2448.0
2026-09-21 18:45:00+02:00,2404.0
2026-09-21 19:00:00+02:00,2157.0
2026-09-21 19:15:00+02:00,2091.0
2026-09-21 19:30:00+02:00,2132.0
2026-09-21 19:45:00+02:00,2082.0
2026-09-21 20:00:00+02:00,1425.0
2026-09-21 20:15:00+02:00,1383.0
2026-09-21 20:30:00+02:00,1304.0
2026-09-21 20:45:00+02:00,1206.0
2026-09-21 21:00:00+02:00,677.0
2026-09-21 21:15:00+02:00,616.0
2026-09-21 21:30:00+02:00,539.0
2026-09-21 21:45:00+02:00,459.0
2026-09-21 22:00:00+02:00,254.0
2026-09-21 22:15:00+02:00,179.0
2026-09-21 22:30:00+02:00,137.0
2026-09-21 22:45:00+02:00,64.0
2026-09-21 23:00:00+02:00,-227.0
2026-09-21 23:15:00+02:00,-339.0
2026-09-21 23:30:00+02:00,-512.0
2026-09-21 23:45:00+02:00,-604.0
2026-09-22 00:00:00+02:00,-137.0
2026-09-22 00:15:00+02:00,-213.0
2026-09-22 00:30:00+02:00,-324.0
2026-09-22 00:45:00+02:00,-348.0
2026-09-22 01:00:00+02:00,-461.0
2026-09-22 01:15:00+02:00,-508.0
2026-09-22 01:30:00+02:00,-567.0
2026-09-22 01:45:00+02:00,-589.0
2026-09-22 02:00:00+02:00,-605.0
2026-09-22 02:15:00+02:00,-651.0
2026-09-22 02:30:00+02:00,-716.0
2026-09-22 02:45:00+02:00,-722.0
2026-09-22 03:00:00+02:00,-1028.0
2026-09-22 03:15:00+02:00,-1014.0
2026-09-22 03:30:00+02:00,-1064.0
2026-09-22 03:45:00+02:00,-1072.0
2026-09-22 04:00:00+02:00,-626.0
2026-09-22 04:15:00+02:00,-634.0
2026-09-22 04:30:00+02:00,-687.0
2026-09-22 04:45:00+02:00,-675.0
2026-09-22 05:00:00+02:00,22.0
2026-09-22 05:15:00+02:00,24.0
2026-09-22 05:30:00+02:00,-21.0
2026-09-22 05:45:00+02:00,24.0
2026-09-22 06:00:00+02:00,397.0
2026-09-22 06:15:00+02:00,354.0
2026-09-22 06:30:00+02:00,277.0
2026-09-22 06:45:00+02:00,276.0
2026-09-22 07:00:00+02:00,-79.0
2026-09-22 07:15:00+02:00,-127.0
2026-09-22 07:30:00+02:00,-122.0
2026-09-22 07:45:00+02:00,-145.0
2026-09-22 08:00:00+02:00,-311.0
2026-09-22 08:15:00+02:00,-338.0
2026-09-22 08:30:00+02:00,-265.0
2026-09-22 08:45:00+02:00,-273.0
2026-09-22 09:00:00+02:00,-1673.0
2026-09-22 09:15:00+02:00,-1621.0
2026-09-22 09:30:00+02:00,-1502.0
2026-09-22 09:45:00+02:00,-1469.0
2026-09-22 10:00:00+02:00,-1773.0
2026-09-22 10:15:00+02:00,-1739.0
2026-09-22 10:30:00+02:00,-1625.0
2026-09-22 10:45:00+02:00,-1572.0
2026-09-22 11:00:00+02:00,-1759.0
2026-09-22 11:15:00+02:00,-1720.0
2026-09-22 11:30:00+02:00,-1693.0
2026-09-22 11:45:00+02:00,-1733.0
2026-09-22 12:00:00+02:00,-2039.0
2026-09-22 12:15:00+02:00,-2021.0
2026-09-22 12:30:00+02:00,-2079.0
2026-09-22 12:45:00+02:00,-2127.0
2026-09-22 13:00:00+02:00,-2290.0
2026-09-22 13:15:00+02:00,-2322.0
2026-09-22 13:30:00+02:00,-2330.0
2026-09-22 13:45:00+02:00,-2356.0
2026-09-22 14:00:00+02:00,-2206.0
2026-09-22 14:15:00+02:00,-2209.0
2026-09-22 14:30:00+02:00,-2262.0
2026-09-22 14:45:00+02:00,-2285.0
2026-09-22 15:00:00+02:00,-2234.0
2026-09-22 15:15:00+02:00,-2317.0
2026-09-22 15:30:00+02:00,-2148.0
2026-09-22 15:45:00+02:00,-2238.0
2026-09-22 16:00:00+02:00,-2140.0
2026-09-22 16:15:00+02:00,-2204.0
2026-09-22 16:30:00+02:00,-2299.0
2026-09-22 16:45:00+02:00,-2353.0
2026-09-22 17:00:00+02:00,-2116.0
2026-09-22 17:15:00+02:00,-2087.0
2026-09-22 17:30:00+02:00,-2193.0
2026-09-22 17:45:00+02:00,-2116.0
2026-09-22 18:00:00+02:00,-1063.0
2026-09-22 18:15:00+02:00,-967.0
2026-09-22 18:30:00+02:00,-921.0
2026-09-22 18:45:00+02:00,-719.0
2026-09-22 19:00:00+02:00,-949.0
2026-09-22 19:15:00+02:00,-867.0
2026-09-22 19:30:00+02:00,-860.0
2026-09-22 19:45:00+02:00,-904.0
2026-09-22 20:00:00+02:00,-1209.0
2026-09-22 20:15:00+02:00,-1304.0
2026-09-22 20:30:00+02:00,-1340.0
2026-09-22 20:45:00+02:00,-1348.0
2026-09-22 21:00:00+02:00,-2358.0
2026-09-22 21:15:00+02:00,-2408.0
2026-09-22 21:30:00+02:00,-2357.0
2026-09-22 21:45:00+02:00,-2414.0
2026-09-22 22:00:00+02:00,-2463.0
2026-09-22 22:15:00+02:00,-2482.0
2026-09-22 22:30:00+02:00,-2451.0
2026-09-22 22:45:00+02:00,-2464.0
2026-09-22 23:00:00+02:00,-1979.0
2026-09-22 23:15:00+02:00,-1985.0
2026-09-22 23:30:00+02:00,-1954.0
2026-09-22 23:45:00+02:00,-1997.0
2026-09-23 00:00:00+02:00,-1827.0
2026-09-23 00:15:00+02:00,-1840.0
2026-09-23 00:30:00+02:00,-1799.0
2026-09-23 00:45:00+02:00,-1810.0
2026-09-23 01:00:00+02:00,-1530.0
2026-09-23 01:15:00+02:00,-1618.0
2026-09-23 01:30:00+02:00,-1575.0
2026-09-23 01:45:00+02:00,-1473.0
2026-09-23 02:00:00+02:00,-1118.0
2026-09-23 02:15:00+02:00,-1133.0
2026-09-23 02:30:00+02:00,-1080.0
2026-09-23 02:45:00+02:00,-971.0
2026-09-23 03:00:00+02:00,-881.0
2026-09-23 03:15:00+02:00,-829.0
2026-09-23 03:30:00+02:00,-822.0
2026-09-23 03:45:00+02:00,-832.0
2026-09-23 04:00:00+02:00,-547.0
2026-09-23 04:15:00+02:00,-478.0
2026-09-23 04:30:00+02:00,-440.0
2026-09-23 04:45:00+02:00,-478.0
2026-09-23 05:00:00+02:00,281.0
2026-09-23 05:15:00+02:00,396.0
2026-09-23 05:30:00+02:00,471.0
2026-09-23 05:45:00+02:00,513.0
2026-09-23 06:00:00+02:00,580.0
2026-09-23 06:15:00+02:00,530.0
2026-09-23 06:30:00+02:00,604.0
2026-09-23 06:45:00+02:00,572.0
2026-09-23 07:00:00+02:00,420.0
2026-09-23 07:15:00+02:00,391.0
2026-09-23 07:30:00+02:00,333.0
2026-09-23 07:45:00+02:00,123.0
2026-09-23 08:00:00+02:00,-269.0
2026-09-23 08:15:00+02:00,-450.0
2026-09-23 08:30:00+02:00,-457.0
2026-09-23 08:45:00+02:00,-540.0
2026-09-23 09:00:00+02:00,-1571.0
2026-09-23 09:15:00+02:00,-1723.0
2026-09-23 09:30:00+02:00,-1758.0
2026-09-23 09:45:00+02:00,-1818.0
2026-09-23 10:00:00+02:00,-3035.0
2026-09-23 10:15:00+02:00,-3156.0
2026-09-23 10:30:00+02:00,-3130.0
2026-09-23 10:45:00+02:00,-3296.0
2026-09-23 11:00:00+02:00,-2711.0
2026-09-23 11:15:00+02:00,-2902.0
2026-09-23 11:30:00+02:00,-2789.0
2026-09-23 11:45:00+02:00,-2719.0
2026-09-23 12:00:00+02:00,-2472.0
2026-09-23 12:15:00+02:00,-2434.0
2026-09-23 12:30:00+02:00,-2392.0
2026-09-23 12:45:00+02:00,-2349.0
2026-09-23 13:00:00+02:00,-2211.0
2026-09-23 13:15:00+02:00,-2164.0
2026-09-23 13:30:00+02:00,-2082.0
2026-09-23 13:45:00+02:00,-2005.0
2026-09-23 14:00:00+02:00,-1929.0
2026-09-23 14:15:00+02:00,-1847.0
2026-09-23 14:30:00+02:00,-1847.0
2026-09-23 14:45:00+02:00,-1762.0
2026-09-23 15:00:00+02:00,-2041.0
2026-09-23 15:15:00+02:00,-1959.0
2026-09-23 15:30:00+02:00,-1850.0
2026-09-23 15:45:00+02:00,-1524.0
2026-09-23 16:00:00+02:00,-781.0
2026-09-23 16:15:00+02:00,-475.0
2026-09-23 16:30:00+02:00,-442.0
2026-09-23 16:45:00+02:00,-311.0
2026-09-23 17:00:00+02:00,1690.0
2026-09-23 17:15:00+02:00,1814.0
2026-09-23 17:30:00+02:00,1848.0
2026-09-23 17:45:00+02:00,2019.0
2026-09-23 18:00:00+02:00,2044.0
2026-09-23 18:15:00+02:00,2183.0
2026-09-23 18:30:00+02:00,2289.0
2026-09-23 18:45:00+02:00,2289.0
2026-09-23 19:00:00+02:00,1973.0
2026-09-23 19:15:00+02:00,1936.0
2026-09-23 19:30:00+02:00,2065.0
2026-09-23 19:45:00+02:00,2065.0
2026-09-23 20:00:00+02:00,894.0
2026-09-23 20:15:00+02:00,903.0
2026-09-23 20:30:00+02:00,827.0
2026-09-23 20:45:00+02:00,778.0
2026-09-23 21:00:00+02:00,581.0
2026-09-23 21:15:00+02:00,567.0
2026-09-23 21:30:00+02:00,420.0
2026-09-23 21:45:00+02:00,336.0
2026-09-23 22:00:00+02:00,811.0
2026-09-23 22:15:00+02:00,703.0
2026-09-23 22:30:00+02:00,675.0
2026-09-23 22:45:00+02:00,580.0
2026-09-23 23:00:00+02:00,901.0
2026-09-23 23:15:00+02:00,817.0
2026-09-23 23:30:00+02:00,801.0
2026-09-23 23:45:00+02:00,782.0
2026-09-24 00:00:00+02:00,1663.0
2026-09-24 00:15:00+02:00,1906.0
2026-09-24 00:30:00+02:00,1984.0
2026-09-24 00:45:00+02:00,1935.0
2026-09-24 01:00:00+02:00,1559.0
2026-09-24 01:15:00+02:00,1566.0
2026-09-24 01:30:00+02:00,1641.0
2026-09-24 01:45:00+02:00,1733.0
2026-09-24 02:00:00+02:00,1829.0
2026-09-24 02:15:00+02:00,1868.0
2026-09-24 02:30:00+02:00,1912.0
2026-09-24 02:45:00+02:00,1944.0
2026-09-24 03:00:00+02:00,2321.0
2026-09-24 03:15:00+02:00,2326.0
2026-09-24 03:30:00+02:00,2332.0
2026-09-24 03:45:00+02:00,2276.0
2026-09-24 04:00:00+02:00,2196.0
2026-09-24 04:15:00+02:00,2192.0
2026-09-24 04:30:00+02:00,2148.0
2026-09-24 04:45:00+02:00,2116.0
2026-09-24 05:00:00+02:00,2174.0
2026-09-24 05:15:00+02:00,2244.0
2026-09-24 05:30:00+02:00,2253.0
2026-09-24 05:45:00+02:00,2349.0
2026-09-24 06:00:00+02:00,2285.0
2026-09-24 06:15:00+02:00,2635.0
2026-09-24 06:30:00+02:00,2676.0
2026-09-24 06:45:00+02:00,2707.0
2026-09-24 07:00:00+02:00,2273.0
2026-09-24 07:15:00+02:00,2189.0
2026-09-24 07:30:00+02:00,2192.0
2026-09-24 07:45:00+02:00,2070.0
2026-09-24 08:00:00+02:00,1745.0
2026-09-24 08:15:00+02:00,1520.0
2026-09-24 08:30:00+02:00,1566.0
2026-09-24 08:45:00+02:00,1454.0
2026-09-24 09:00:00+02:00,326.0
2026-09-24 09:15:00+02:00,389.0
2026-09-24 09:30:00+02:00,242.0
2026-09-24 09:45:00+02:00,-5.0
2026-09-24 10:00:00+02:00,167.0
2026-09-24 10:15:00+02:00,-152.0
2026-09-24 10:30:00+02:00,-135.0
2026-09-24 10:45:00+02:00,-337.0
2026-09-24 11:00:00+02:00,-471.0
2026-09-24 11:15:00+02:00,-574.0
2026-09-24 11:30:00+02:00,-646.0
2026-09-24 11:45:00+02:00,-749.0
2026-09-24 12:00:00+02:00,-894.0
2026-09-24 12:15:00+02:00,-944.0
2026-09-24 12:30:00+02:00,-1052.0
2026-09-24 12:45:00+02:00,-1121.0
2026-09-24 13:00:00+02:00,-1125.0
2026-09-24 13:15:00+02:00,-1114.0
2026-09-24 13:30:00+02:00,-1145.0
2026-09-24 13:45:00+02:00,-1153.0
2026-09-24 14:00:00+02:00,-964.0
2026-09-24 14:15:00+02:00,-984.0
2026-09-24 14:30:00+02:00,-831.0
2026-09-24 14:45:00+02:00,-831.0
2026-09-24 15:00:00+02:00,-983.0
2026-09-24 15:15:00+02:00,-899.0
2026-09-24 15:30:00+02:00,-902.0
2026-09-24 15:45:00+02:00,-949.0
2026-09-24 16:00:00+02:00,-823.0
2026-09-24 16:15:00+02:00,-745.0
2026-09-24 16:30:00+02:00,-592.0
2026-09-24 16:45:00+02:00,-647.0
2026-09-24 17:00:00+02:00,1811.0
2026-09-24 17:15:00+02:00,1831.0
2026-09-24 17:30:00+02:00,1744.0
2026-09-24 17:45:00+02:00,1695.0
2026-09-24 18:00:00+02:00,1617.0
2026-09-24 18:15:00+02:00,1650.0
2026-09-24 18:30:00+02:00,1608.0
2026-09-24 18:45:00+02:00,1616.0
2026-09-24 19:00:00+02:00,611.0
2026-09-24 19:15:00+02:00,641.0
2026-09-24 19:30:00+02:00,635.0
2026-09-24 19:45:00+02:00,660.0
2026-09-24 20:00:00+02:00,285.0
2026-09-24 20:15:00+02:00,293.0
2026-09-24 20:30:00+02:00,252.0
2026-09-24 20:45:00+02:00,202.0
2026-09-24 21:00:00+02:00,569.0
2026-09-24 21:15:00+02:00,500.0
2026-09-24 21:30:00+02:00,470.0
2026-09-24 21:45:00+02:00,379.0
2026-09-24 22:00:00+02:00,670.0
2026-09-24 22:15:00+02:00,581.0
2026-09-24 22:30:00+02:00,559.0
2026-09-24 22:45:00+02:00,493.0
2026-09-24 23:00:00+02:00,672.0
2026-09-24 23:15:00+02:00,603.0
2026-09-24 23:30:00+02:00,616.0
2026-09-24 23:45:00+02:00,589.0
