,Actual Aggregated
2026-09-20 00:00:00+02:00,3110.23
2026-09-20 01:00:00+02:00,2927.63
2026-09-20 02:00:00+02:00,2883.8
2026-09-20 03:00:00+02:00,2817.2
2026-09-20 04:00:00+02:00,2827.7
2026-09-20 05:00:00+02:00,2818.61
2026-09-20 06:00:00+02:00,2815.19
2026-09-20 07:00:00+02:00,3135.1
2026-09-20 08:00:00+02:00,3411.64
2026-09-20 09:00:00+02:00,3379.07
2026-09-20 10:00:00+02:00,3093.42
2026-09-20 11:00:00+02:00,2691.82
2026-09-20 12:00:00+02:00,2570.73
2026-09-20 13:00:00+02:00,2619.43
2026-09-20 14:00:00+02:00,2564.46
2026-09-20 15:00:00+02:00,2554.2
2026-09-20 16:00:00+02:00,3405.79
2026-09-20 17:00:00+02:00,4064.72
2026-09-20 18:00:00+02:00,4272.68
2026-09-20 19:00:00+02:00,3996.35
2026-09-20 20:00:00+02:00,3968.28
2026-09-20 21:00:00+02:00,4059.78
2026-09-20 22:00:00+02:00,4136.13
2026-09-20 23:00:00+02:00,4064.96
2026-09-21 00:00:00+02:00,4132.67
2026-09-21 01:00:00+02:00,4086.54
2026-09-21 02:00:00+02:00,4101.32
2026-09-21 03:00:00+02:00,4096.86
2026-09-21 04:00:00+02:00,4117.9
2026-09-21 05:00:00+02:00,4127.06
2026-09-21 06:00:00+02:00,4159.98
2026-09-21 07:00:00+02:00,4114.3
2026-09-21 08:00:00+02:00,4294.02
2026-09-21 09:00:00+02:00,5060.68
2026-09-21 10:00:00+02:00,5406.83
2026-09-21 11:00:00+02:00,5230.47
2026-09-21 12:00:00+02:00,5541.1
2026-09-21 13:00:00+02:00,5573.89
2026-09-21 14:00:00+02:00,5502.93
2026-09-21 15:00:00+02:00,5049.15
2026-09-21 16:00:00+02:00,4538.32
2026-09-21 17:00:00+02:00,4202.76
2026-09-21 18:00:00+02:00,3651.0
2026-09-21 19:00:00+02:00,3201.6
2026-09-21 20:00:00+02:00,3038.74
2026-09-21 21:00:00+02:00,2827.4
2026-09-21 22:00:00+02:00,2537.34
2026-09-21 23:00:00+02:00,2246.74
2026-09-22 00:00:00+02:00,1753.97
2026-09-22 01:00:00+02:00,1577.75
2026-09-22 02:00:00+02:00,1423.08
2026-09-22 03:00:00+02:00,1275.19
2026-09-22 04:00:00+02:00,1130.19
2026-09-22 05:00:00+02:00,1039.28
2026-09-22 06:00:00+02:00,1042.98
2026-09-22 07:00:00+02:00,1047.67
2026-09-22 08:00:00+02:00,1204.83
2026-09-22 09:00:00+02:00,1503.38
2026-09-22 10:00:00+02:00,1794.31
2026-09-22 11:00:00+02:00,1975.21
2026-09-22 12:00:00+02:00,1926.2
2026-09-22 13:00:00+02:00,1773.28
2026-09-22 14:00:00+02:00,1788.92
2026-09-22 15:00:00+02:00,1727.13
2026-09-22 16:00:00+02:00,1559.15
2026-09-22 17:00:00+02:00,1303.31
2026-09-22 18:00:00+02:00,1117.36
2026-09-22 19:00:00+02:00,1000.68
2026-09-22 20:00:00+02:00,1009.66
2026-09-22 21:00:00+02:00,991.23
2026-09-22 22:00:00+02:00,947.69
2026-09-22 23:00:00+02:00,892.49
2026-09-23 00:00:00+02:00,1026.21
2026-09-23 01:00:00+02:00,1048.48
2026-09-23 02:00:00+02:00,1045.54
2026-09-23 03:00:00+02:00,1041.66
2026-09-23 04:00:00+02:00,1036.7
2026-09-23 05:00:00+02:00,1040.92
2026-09-23 06:00:00+02:00,1103.37
2026-09-23 07:00:00+02:00,1108.42
2026-09-23 08:00:00+02:00,1239.91
2026-09-23 09:00:00+02:00,1387.36
2026-09-23 10:00:00+02:00,1522.79
2026-09-23 11:00:00+02:00,1640.78
2026-09-23 12:00:00+02:00,1778.31
2026-09-23 13:00:00+02:00,1889.07
2026-09-23 14:00:00+02:00,1964.78
2026-09-23 15:00:00+02:00,2023.16
2026-09-23 16:00:00+02:00,2224.82
2026-09-23 17:00:00+02:00,2354.74
2026-09-23 18:00:00+02:00,2462.09
2026-09-23 19:00:00+02:00,2682.69
2026-09-23 20:00:00+02:00,2809.84
2026-09-23 21:00:00+02:00,2792.34
2026-09-23 22:00:00+02:00,2820.79
2026-09-23 23:00:00+02:00,2665.01
2026-09-24 00:00:00+02:00,3290.15
2026-09-24 01:00:00+02:00,3567.13
2026-09-24 02:00:00+02:00,3656.22
2026-09-24 03:00:00+02:00,3538.41
2026-09-24 04:00:00+02:00,3514.77
2026-09-24 05:00:00+02:00,3505.71
2026-09-24 06:00:00+02:00,3559.52
2026-09-24 07:00:00+02:00,3436.87
2026-09-24 08:00:00+02:00,3413.12
2026-09-24 09:00:00+02:00,3635.51
2026-09-24 10:00:00+02:00,3671.49
2026-09-24 11:00:00+02:00,3526.17
2026-09-24 12:00:00+02:00,3501.29
2026-09-24 13:00:00+02:00,3339.12
2026-09-24 14:00:00+02:00,3202.23
2026-09-24 15:00:00+02:00,3076.42
2026-09-24 16:00:00+02:00,3025.28
2026-09-24 17:00:00+02:00,2534.26
2026-09-24 18:00:00+02:00,2154.34
2026-09-24 19:00:00+02:00,1865.36
2026-09-24 20:00:00+02:00,1712.87
2026-09-24 21:00:00+02:00,1670.53
2026-09-24 22:00:00+02:00,1565.42
2026-09-24 23:00:00+02:00,1455.78
