,Actual Load
2026-09-20 00:00:00+02:00,2280.0325
2026-09-20 01:00:00+02:00,2282.16
2026-09-20 02:00:00+02:00,2327.8775
2026-09-20 03:00:00+02:00,2293.3475
2026-09-20 04:00:00+02:00,2228.1525
2026-09-20 05:00:00+02:00,2120.85
2026-09-20 06:00:00+02:00,2091.61
2026-09-20 07:00:00+02:00,2201.7525
2026-09-20 08:00:00+02:00,2443.345
2026-09-20 09:00:00+02:00,2668.9825
2026-09-20 10:00:00+02:00,2867.15
2026-09-20 11:00:00+02:00,3202.2475
2026-09-20 12:00:00+02:00,3302.065
2026-09-20 13:00:00+02:00,3255.085
2026-09-20 14:00:00+02:00,3338.99
2026-09-20 15:00:00+02:00,3313.1575
2026-09-20 16:00:00+02:00,3131.7275
2026-09-20 17:00:00+02:00,3129.67
2026-09-20 18:00:00+02:00,2877.9825
2026-09-20 19:00:00+02:00,2649.7725
2026-09-20 20:00:00+02:00,2531.62
2026-09-20 21:00:00+02:00,2451.1575
2026-09-20 22:00:00+02:00,2347.425
2026-09-20 23:00:00+02:00,2309.3625
2026-09-21 00:00:00+02:00,2485.8575
2026-09-21 01:00:00+02:00,2496.8725
2026-09-21 02:00:00+02:00,2516.04
2026-09-21 03:00:00+02:00,2290.9925
2026-09-21 04:00:00+02:00,2178.13
2026-09-21 05:00:00+02:00,2223.1775
2026-09-21 06:00:00+02:00,2544.2575
2026-09-21 07:00:00+02:00,2785.6975
2026-09-21 08:00:00+02:00,2876.2125
2026-09-21 09:00:00+02:00,3028.9825
2026-09-21 10:00:00+02:00,3343.735
2026-09-21 11:00:00+02:00,3496.46
2026-09-21 12:00:00+02:00,3469.95
2026-09-21 13:00:00+02:00,3596.56
2026-09-21 14:00:00+02:00,3561.635
2026-09-21 15:00:00+02:00,3458.1475
2026-09-21 16:00:00+02:00,3392.39
2026-09-21 17:00:00+02:00,3136.25
2026-09-21 18:00:00+02:00,2906.815
2026-09-21 19:00:00+02:00,2637.7775
2026-09-21 20:00:00+02:00,2550.1725
2026-09-21 21:00:00+02:00,2440.4675
2026-09-21 22:00:00+02:00,2286.5575
2026-09-21 23:00:00+02:00,2255.1475
2026-09-22 00:00:00+02:00,2352.205
2026-09-22 01:00:00+02:00,2280.1425
2026-09-22 02:00:00+02:00,2221.905
2026-09-22 03:00:00+02:00,2098.6275
2026-09-22 04:00:00+02:00,2027.385
2026-09-22 05:00:00+02:00,2174.27
2026-09-22 06:00:00+02:00,2450.6725
2026-09-22 07:00:00+02:00,2719.055
2026-09-22 08:00:00+02:00,2867.2375
2026-09-22 09:00:00+02:00,2993.7525
2026-09-22 10:00:00+02:00,3057.44
2026-09-22 11:00:00+02:00,3081.95
2026-09-22 12:00:00+02:00,3015.31
2026-09-22 13:00:00+02:00,3176.0875
2026-09-22 14:00:00+02:00,3063.4275
2026-09-22 15:00:00+02:00,2957.025
2026-09-22 16:00:00+02:00,2959.8475
2026-09-22 17:00:00+02:00,2951.9975
2026-09-22 18:00:00+02:00,2725.24
2026-09-22 19:00:00+02:00,2550.5725
2026-09-22 20:00:00+02:00,2484.5925
2026-09-22 21:00:00+02:00,2434.2575
2026-09-22 22:00:00+02:00,2328.005
2026-09-22 23:00:00+02:00,2223.9175
2026-09-23 00:00:00+02:00,2228.99
2026-09-23 01:00:00+02:00,2239.4225
2026-09-23 02:00:00+02:00,2295.7825
2026-09-23 03:00:00+02:00,2342.76
2026-09-23 04:00:00+02:00,2239.83
2026-09-23 05:00:00+02:00,2176.005
2026-09-23 06:00:00+02:00,2407.45
2026-09-23 07:00:00+02:00,2615.495
2026-09-23 08:00:00+02:00,2861.5275
2026-09-23 09:00:00+02:00,2914.62
2026-09-23 10:00:00+02:00,3081.9875
2026-09-23 11:00:00+02:00,3150.7175
2026-09-23 12:00:00+02:00,3193.4575
2026-09-23 13:00:00+02:00,3314.63
2026-09-23 14:00:00+02:00,3179.835
2026-09-23 15:00:00+02:00,3065.57
2026-09-23 16:00:00+02:00,3009.5475
2026-09-23 17:00:00+02:00,3025.8075
2026-09-23 18:00:00+02:00,2826.695
2026-09-23 19:00:00+02:00,2737.4325
2026-09-23 20:00:00+02:00,2637.65
2026-09-23 21:00:00+02:00,2604.2225
2026-09-23 23:00:00+02:00,2386.325
2026-09-24 00:00:00+02:00,2336.75
2026-09-24 01:00:00+02:00,2554.7225
2026-09-24 02:00:00+02:00,2483.925
2026-09-24 03:00:00+02:00,2601.4625
2026-09-24 04:00:00+02:00,2452.15
2026-09-24 05:00:00+02:00,2319.3225
2026-09-24 06:00:00+02:00,2584.35
2026-09-24 07:00:00+02:00,2883.3275
2026-09-24 08:00:00+02:00,3022.2925
2026-09-24 09:00:00+02:00,3021.6025
2026-09-24 10:00:00+02:00,3117.635
2026-09-24 11:00:00+02:00,3205.3125
2026-09-24 12:00:00+02:00,3294.425
2026-09-24 13:00:00+02:00,3366.085
2026-09-24 14:00:00+02:00,3300.3425
2026-09-24 15:00:00+02:00,3186.7
2026-09-24 16:00:00+02:00,3216.1375
2026-09-24 17:00:00+02:00,3097.5
2026-09-24 18:00:00+02:00,2876.7975
2026-09-24 19:00:00+02:00,2636.9925
2026-09-24 20:00:00+02:00,2528.92
2026-09-24 21:00:00+02:00,2436.9125
2026-09-24 22:00:00+02:00,2396.4575
2026-09-24 23:00:00+02:00,2326.72
