,Biomass,Fossil Gas,Fossil Hard coal,Fossil Oil,Solar,Waste,Wind Offshore,Wind Onshore
2026-09-20 00:00:00+02:00,493.347,70.988,86.682,1.36101,0.58231,96.3386,1397.45,1995.86
2026-09-20 00:15:00+02:00,491.196,70.8764,86.5957,1.35241,0.597022,97.6081,1391.67,1993.32
2026-09-20 00:30:00+02:00,477.785,70.6597,86.9206,1.3344,0.638474,98.484,1380.73,1884.05
2026-09-20 00:45:00+02:00,460.458,69.8792,86.0945,1.34276,0.652882,96.8671,1353.87,1744.48
2026-09-20 01:00:00+02:00,452.935,69.9437,86.6266,1.3351,0.672558,96.9834,1355.77,1597.86
2026-09-20 01:15:00+02:00,454.03,72.6393,86.835,1.33406,0.622534,96.8385,1373.21,1509.75
2026-09-20 01:30:00+02:00,478.816,120.803,86.6771,1.35661,0.597566,96.8645,1409.33,1568.96
2026-09-20 01:45:00+02:00,464.179,81.2113,86.3487,1.3407,0.56612,97.1407,1375.34,1527.31
2026-09-20 02:00:00+02:00,454.391,70.5982,86.5008,1.34407,0.604416,95.8823,1368.94,1617.89
2026-09-20 02:15:00+02:00,449.602,69.9328,86.2653,1.31338,0.612551,96.6532,1330.56,1611.36
2026-09-20 02:30:00+02:00,448.645,69.7548,86.427,1.3406,0.67206,97.0016,1328.18,1621.51
2026-09-20 02:45:00+02:00,450.783,69.635,86.7926,1.35187,0.869407,97.7047,1254.7,1628.94
2026-09-20 03:00:00+02:00,454.568,70.1264,86.5941,1.35483,0.845218,97.7173,1229.73,1653.31
2026-09-20 03:15:00+02:00,454.856,70.2756,86.8199,1.3739,0.705984,98.4661,1260.64,1654.0
2026-09-20 03:30:00+02:00,456.295,70.3175,86.4083,1.34727,0.586845,97.1738,1274.76,1655.48
2026-09-20 03:45:00+02:00,456.163,70.3024,86.5222,1.34704,0.580906,97.211,1274.48,1616.83
2026-09-20 04:00:00+02:00,454.294,70.3173,86.5147,1.34012,0.632894,96.8606,1258.66,1651.62
2026-09-20 04:15:00+02:00,454.825,70.2495,86.8577,1.37192,0.581328,97.5916,1211.03,1802.93
2026-09-20 04:30:00+02:00,454.056,70.2037,86.9636,1.35293,0.588554,98.2121,1222.24,1834.13
2026-09-20 04:45:00+02:00,454.795,70.2255,86.4518,1.36276,0.592521,99.4973,1241.67,1841.95
2026-09-20 05:00:00+02:00,456.35,70.3023,86.3088,1.36459,0.567196,97.6951,1266.34,1821.76
2026-09-20 05:15:00+02:00,456.574,70.3046,86.9568,1.3667,0.57241,99.2883,1276.51,1851.13
2026-09-20 05:30:00+02:00,455.286,70.3636,86.8341,1.33135,0.61572,98.9492,1267.5,1794.12
2026-09-20 05:45:00+02:00,454.631,70.2933,86.455,1.36712,0.709179,99.4516,1253.27,1715.92
2026-09-20 06:00:00+02:00,454.129,70.2043,87.0028,1.35744,0.76833,99.5965,1252.69,1611.22
2026-09-20 06:15:00+02:00,453.761,70.2414,86.2177,1.35091,0.697158,99.0524,1231.37,1671.69
2026-09-20 06:30:00+02:00,455.697,70.4161,86.5305,1.33026,1.62957,98.4581,1243.29,1735.35
2026-09-20 06:45:00+02:00,460.343,70.9135,86.6513,1.33926,5.44494,98.3594,1269.3,1840.29
2026-09-20 07:00:00+02:00,466.556,71.9239,86.9305,1.32318,12.0818,99.1147,1320.07,1945.72
2026-09-20 07:15:00+02:00,490.36,75.717,86.4062,1.35083,39.3064,99.4392,1418.07,1963.4
2026-09-20 07:30:00+02:00,503.209,77.8874,86.4845,1.36851,67.9507,99.7728,1420.75,1961.76
2026-09-20 07:45:00+02:00,501.586,77.6051,86.6335,1.33183,141.835,97.7123,1415.45,2015.83
2026-09-20 08:00:00+02:00,504.475,78.1965,86.4908,1.34228,220.8,97.4804,1434.23,2053.87
2026-09-20 08:15:00+02:00,503.592,77.9568,86.6178,1.31056,358.083,97.3714,1418.78,2124.93
2026-09-20 08:30:00+02:00,513.619,79.6282,86.4738,1.28947,459.4,95.3151,1432.57,2121.74
2026-09-20 08:45:00+02:00,510.868,79.1546,86.4578,1.29731,658.869,94.4399,1364.57,2038.4
2026-09-20 09:00:00+02:00,500.265,77.3942,86.4746,1.27181,773.784,92.1643,1435.54,2110.51
2026-09-20 09:15:00+02:00,498.163,77.1441,86.674,1.29388,930.591,93.5531,1320.27,2069.21
2026-09-20 09:30:00+02:00,511.652,79.2754,86.4922,1.29348,920.608,90.4569,986.847,2066.27
2026-09-20 09:45:00+02:00,503.031,77.9754,86.9688,1.26731,609.124,89.2652,691.704,2067.84
2026-09-20 10:00:00+02:00,511.864,79.4269,86.7231,1.30702,626.056,87.6173,700.471,2089.56
2026-09-20 10:15:00+02:00,487.675,76.3035,86.6026,1.27915,734.677,85.656,570.762,2182.84
2026-09-20 10:30:00+02:00,451.218,70.37,86.1722,1.23164,704.596,85.3664,664.778,2122.87
2026-09-20 10:45:00+02:00,462.228,72.1292,86.5545,1.29127,654.797,85.529,616.095,2104.6
2026-09-20 11:00:00+02:00,466.221,73.2323,86.924,1.29147,478.504,86.9675,683.701,2299.97
2026-09-20 11:15:00+02:00,469.172,73.7352,86.302,1.31458,630.189,87.0588,466.119,2282.32
2026-09-20 11:30:00+02:00,469.541,73.7856,86.1616,1.28839,496.357,86.6231,128.617,2317.96
2026-09-20 11:45:00+02:00,466.916,74.9995,86.5029,1.30282,584.007,86.9581,143.519,2233.66
2026-09-20 12:00:00+02:00,471.102,79.0297,86.7384,1.30759,554.775,86.6624,93.2536,2053.34
2026-09-20 12:15:00+02:00,472.789,79.8185,86.5753,1.29108,488.925,86.2062,88.5979,2053.77
2026-09-20 12:30:00+02:00,472.128,79.8003,86.304,1.3034,590.392,86.7953,90.0739,2179.93
2026-09-20 12:45:00+02:00,474.132,80.0474,86.8815,1.30261,518.767,86.2429,91.3893,2128.41
2026-09-20 13:00:00+02:00,449.304,75.9474,86.9513,1.29795,524.606,84.9139,96.5467,2159.28
2026-09-20 13:15:00+02:00,447.096,75.6246,86.9203,1.2638,538.475,84.1827,94.1823,2159.91
2026-09-20 13:30:00+02:00,445.532,75.3603,86.6878,1.26321,372.248,84.1805,90.166,2239.49
2026-09-20 13:45:00+02:00,449.657,76.0082,86.1902,1.25008,661.832,85.1586,98.5131,2229.71
2026-09-20 14:00:00+02:00,468.72,75.4223,86.6154,1.29441,551.253,87.0577,88.3589,2268.15
2026-09-20 14:15:00+02:00,476.035,74.6149,86.3713,1.2916,664.275,86.7849,88.0018,2249.36
2026-09-20 14:30:00+02:00,484.895,75.7361,86.6634,1.32985,702.292,87.1501,89.2297,2284.76
2026-09-20 14:45:00+02:00,476.965,74.4519,86.7537,1.30508,468.44,86.9114,89.1192,2215.85
2026-09-20 15:00:00+02:00,473.025,73.8858,86.5066,1.31878,374.847,86.151,67.1049,2247.41
2026-09-20 15:15:00+02:00,470.589,73.6109,86.5642,1.30138,628.811,85.4563,92.4223,2252.86
2026-09-20 15:30:00+02:00,469.827,73.5047,86.7032,1.32737,577.514,86.3179,87.676,2356.24
2026-09-20 15:45:00+02:00,462.263,72.2262,86.5812,1.3022,496.836,85.6529,296.344,2538.4
2026-09-20 16:00:00+02:00,465.742,72.8833,86.3622,1.3142,497.359,87.0552,549.657,2455.25
2026-09-20 16:15:00+02:00,447.454,69.9605,86.3628,1.30906,518.344,86.6047,636.338,2532.05
2026-09-20 16:30:00+02:00,492.602,77.2198,86.7378,1.31929,599.845,88.5918,760.088,2816.25
2026-09-20 16:45:00+02:00,495.901,77.5626,86.401,1.36731,758.992,93.2788,898.244,2827.73
2026-09-20 17:00:00+02:00,503.204,78.5912,86.2503,1.32443,497.127,95.0398,773.239,2714.5
2026-09-20 17:15:00+02:00,488.547,76.2786,88.2405,1.37723,628.831,96.3263,1175.46,2898.12
2026-09-20 17:30:00+02:00,504.362,78.3484,98.4971,1.38858,501.22,97.2357,1240.22,3187.55
2026-09-20 17:45:00+02:00,502.351,77.6391,117.711,1.51051,402.604,97.4765,1313.83,3360.17
2026-09-20 18:00:00+02:00,518.941,80.6121,138.504,1.61749,323.59,97.348,1441.47,3355.74
2026-09-20 18:15:00+02:00,511.779,79.3351,135.094,1.58442,248.542,96.3056,1441.45,3372.14
2026-09-20 18:30:00+02:00,504.514,78.1614,135.768,1.60504,171.788,98.707,1449.15,3359.38
2026-09-20 18:45:00+02:00,502.955,78.3627,135.865,1.57953,95.2034,99.0802,1430.22,3321.47
2026-09-20 19:00:00+02:00,485.125,75.6617,135.317,1.57236,56.5851,99.8461,1432.84,3383.93
2026-09-20 19:15:00+02:00,451.039,70.3117,133.136,1.51519,29.5513,99.6153,1423.76,3354.13
2026-09-20 19:30:00+02:00,437.597,68.1697,130.945,1.52733,18.5644,98.2078,1447.3,3305.6
2026-09-20 19:45:00+02:00,436.346,67.986,132.72,1.51968,17.2416,97.0527,1445.42,3305.05
2026-09-20 20:00:00+02:00,433.905,67.5278,135.354,1.52435,14.2895,99.0342,1441.18,3336.6
2026-09-20 20:15:00+02:00,445.778,69.5253,136.58,1.57827,29.2997,98.1762,1445.32,3323.73
2026-09-20 20:30:00+02:00,434.592,67.6776,135.753,1.53384,15.99,98.964,1441.82,3286.13
2026-09-20 20:45:00+02:00,432.73,67.3489,134.144,1.54911,12.764,99.7734,1444.23,3283.9
2026-09-20 21:00:00+02:00,428.32,66.6646,134.502,1.53668,7.93894,98.3135,1445.08,3293.64
2026-09-20 21:15:00+02:00,432.531,67.1399,135.614,1.55808,6.70069,98.6705,1443.31,3268.01
2026-09-20 21:30:00+02:00,426.914,66.4401,134.863,1.56335,6.61253,99.9918,1444.69,3280.31
2026-09-20 21:45:00+02:00,426.828,66.4535,116.349,1.46197,6.60966,99.5936,1443.14,3308.42
2026-09-20 22:00:00+02:00,461.292,72.1218,115.958,1.47368,47.8246,99.369,1441.24,3324.71
2026-09-20 22:15:00+02:00,471.853,73.7381,115.57,1.47245,60.1568,100.727,1431.77,3319.9
2026-09-20 22:30:00+02:00,435.606,67.8769,114.774,1.45336,17.5477,98.7688,1442.47,3296.22
2026-09-20 22:45:00+02:00,420.309,65.7652,109.273,1.43338,0.822903,98.4381,1445.7,3262.97
2026-09-20 23:00:00+02:00,459.292,71.8721,102.185,1.39183,38.4374,98.5705,1439.82,3372.31
2026-09-20 23:15:00+02:00,474.876,74.287,101.383,1.41991,41.9801,98.2144,1433.35,3374.81
2026-09-20 23:30:00+02:00,489.608,76.5118,100.336,1.42929,49.6252,98.3929,1445.83,3371.29
2026-09-20 23:45:00+02:00,484.98,75.717,95.3321,1.39286,42.9484,97.7167,1439.48,3384.54
2026-09-21 00:00:00+02:00,458.889,72.0111,85.8855,1.34244,9.76514,97.268,1445.66,3378.39
2026-09-21 00:15:00+02:00,472.819,74.1066,87.3879,1.33654,26.2218,97.2356,1446.51,3359.87
2026-09-21 00:30:00+02:00,452.841,70.5846,85.5148,1.33954,8.88733,96.5436,1443.57,3295.56
2026-09-21 00:45:00+02:00,448.429,69.8916,86.3676,1.33796,2.92301,97.3244,1451.51,3269.71
2026-09-21 01:00:00+02:00,445.668,69.7208,86.0565,1.31215,0.987421,94.4654,1454.32,3261.62
2026-09-21 01:15:00+02:00,445.248,69.6682,86.4412,1.30018,0.814833,94.8254,1446.3,3235.68
2026-09-21 01:30:00+02:00,445.838,69.7018,86.3426,1.29773,0.806497,97.0145,1447.49,3190.05
2026-09-21 01:45:00+02:00,449.493,70.2202,86.4642,1.30381,0.79351,95.9084,1444.91,3167.42
2026-09-21 02:00:00+02:00,484.047,75.3598,86.7625,1.34182,0.824595,96.575,1443.29,3152.07
2026-09-21 02:15:00+02:00,494.996,78.2587,86.9722,1.33953,0.855662,96.4343,1445.85,3130.06
2026-09-21 02:30:00+02:00,500.276,89.2594,87.0108,1.36971,0.722421,97.5277,1447.19,3124.06
2026-09-21 02:45:00+02:00,496.364,78.2333,86.4318,1.35234,0.791136,97.6871,1438.76,3120.15
2026-09-21 03:00:00+02:00,485.05,75.5664,86.6811,1.36214,0.783887,96.654,1443.14,3140.82
2026-09-21 03:15:00+02:00,473.129,73.7189,86.6974,1.32793,0.824773,95.7672,1436.07,3173.3
2026-09-21 03:30:00+02:00,472.532,73.546,86.9326,1.34245,0.812403,97.0475,1446.35,3162.19
2026-09-21 03:45:00+02:00,463.43,72.1159,86.3298,1.35029,15.0592,95.7275,1446.06,3143.88
2026-09-21 04:00:00+02:00,458.301,71.4833,86.4995,1.34741,12.4813,96.9379,1430.1,3071.96
2026-09-21 04:15:00+02:00,449.501,70.1275,86.6607,1.34426,1.93263,96.5985,1443.61,3064.47
2026-09-21 04:30:00+02:00,461.814,71.966,86.8195,1.3397,0.709949,97.3665,1406.73,3029.06
2026-09-21 04:45:00+02:00,449.59,70.0361,86.6385,1.31542,0.685987,96.1639,1442.84,2989.69
2026-09-21 05:00:00+02:00,459.195,71.7387,86.6976,1.31809,0.832368,96.3228,1443.24,2968.78
2026-09-21 05:15:00+02:00,457.775,71.4802,87.6932,1.34492,8.36659,96.8666,1442.58,2975.64
2026-09-21 05:30:00+02:00,469.459,73.2739,97.4901,1.37065,9.91719,96.6546,1441.22,2969.39
2026-09-21 05:45:00+02:00,457.527,71.2774,114.169,1.43877,9.81822,96.0581,1439.73,2940.59
2026-09-21 06:00:00+02:00,467.525,73.0356,136.776,1.5375,1.6992,96.4342,1357.52,2792.97
2026-09-21 06:15:00+02:00,439.14,68.1498,141.102,1.50739,2.26725,95.2858,1399.35,2831.45
2026-09-21 06:30:00+02:00,442.469,66.713,134.424,1.46304,3.29963,94.513,1368.06,2902.03
2026-09-21 06:45:00+02:00,457.359,67.0824,134.371,1.45865,7.82049,94.7838,1388.1,2921.25
2026-09-21 07:00:00+02:00,478.65,69.1088,134.576,1.51724,21.2172,95.4006,1443.67,2919.96
2026-09-21 07:15:00+02:00,519.489,73.187,136.304,1.54123,47.4279,95.5829,1416.38,2873.01
2026-09-21 07:30:00+02:00,538.528,75.418,137.032,1.48254,92.198,96.124,1427.76,2823.3
2026-09-21 07:45:00+02:00,532.043,77.9546,136.748,1.52387,174.293,96.3778,1432.93,2813.45
2026-09-21 08:00:00+02:00,579.853,139.638,135.365,1.49866,344.288,96.7737,1456.25,2828.03
2026-09-21 08:15:00+02:00,600.449,163.614,132.205,1.50006,479.908,97.5004,1457.59,2819.48
2026-09-21 08:30:00+02:00,566.318,95.4982,131.969,1.50721,634.66,96.7221,1457.37,2812.81
2026-09-21 08:45:00+02:00,536.874,75.1924,130.146,1.48757,851.541,96.5736,1450.7,2832.89
2026-09-21 09:00:00+02:00,566.508,81.2512,111.277,1.43099,1087.16,96.0847,1466.47,2873.63
2026-09-21 09:15:00+02:00,518.897,77.9959,86.2868,1.28805,1192.37,97.1993,1465.69,2895.42
2026-09-21 09:30:00+02:00,520.836,80.211,88.9254,1.30914,1245.8,97.5178,1458.23,2946.36
2026-09-21 09:45:00+02:00,526.613,82.5484,85.2131,1.31248,1234.72,97.8993,1460.54,3023.03
2026-09-21 10:00:00+02:00,517.763,81.1141,85.3157,1.32881,1546.83,97.9723,1464.44,3075.11
2026-09-21 10:15:00+02:00,550.433,86.3678,85.3325,1.38941,1508.62,99.1656,1460.76,3107.6
2026-09-21 10:30:00+02:00,545.19,85.5159,86.013,1.37234,1579.4,98.9102,1457.68,3065.89
2026-09-21 10:45:00+02:00,566.628,88.7053,86.2738,1.34603,1669.6,99.7649,1458.61,3001.74
2026-09-21 11:00:00+02:00,561.126,87.8339,86.6132,1.35942,1758.14,98.6015,1452.65,3060.12
2026-09-21 11:15:00+02:00,539.443,84.392,86.2095,1.36534,1763.81,98.0733,1447.8,3049.99
2026-09-21 11:30:00+02:00,513.814,80.3208,86.2993,1.3515,1586.96,97.4104,1435.1,2724.8
2026-09-21 11:45:00+02:00,562.696,88.0731,86.2911,1.38317,1618.04,98.8012,1422.96,2767.97
2026-09-21 12:00:00+02:00,555.862,87.4978,87.108,1.38359,1560.98,98.4813,1427.92,2664.28
2026-09-21 12:15:00+02:00,585.305,92.1989,86.8167,1.42097,1560.37,100.187,1425.23,2800.81
2026-09-21 12:30:00+02:00,600.797,94.6656,86.0625,1.42688,1581.09,100.575,1418.75,2686.01
2026-09-21 12:45:00+02:00,602.836,94.9866,87.0509,1.45991,1620.8,100.556,1397.69,2658.13
2026-09-21 13:00:00+02:00,548.325,87.6746,87.5747,1.38603,1528.95,97.1034,1400.52,2601.88
2026-09-21 13:15:00+02:00,546.337,90.988,86.5192,1.3804,1504.05,95.7832,1366.79,2529.18
2026-09-21 13:30:00+02:00,536.806,90.0904,85.7712,1.36203,1518.52,96.2426,1302.75,2478.07
2026-09-21 13:45:00+02:00,537.831,90.2703,86.0014,1.40663,1378.52,95.806,1299.78,2436.14
2026-09-21 14:00:00+02:00,528.294,88.0108,87.1431,1.38264,1598.76,92.2054,1270.25,2418.23
2026-09-21 14:15:00+02:00,528.082,86.7642,87.5443,1.35713,1442.87,88.6584,1237.67,2390.56
2026-09-21 14:30:00+02:00,510.877,84.8159,87.3563,1.35563,1464.0,89.2498,1282.15,2386.36
2026-09-21 14:45:00+02:00,511.83,84.9172,86.7747,1.33419,1582.71,88.4587,1280.6,2340.99
2026-09-21 15:00:00+02:00,496.272,81.8084,87.0556,1.35233,1474.22,88.4487,1290.95,2373.83
2026-09-21 15:15:00+02:00,493.157,81.1998,86.6564,1.37282,1445.76,88.8008,1311.09,2384.93
2026-09-21 15:30:00+02:00,496.992,81.3789,86.6238,1.33921,1318.35,87.7757,1284.05,2337.11
2026-09-21 15:45:00+02:00,500.088,80.195,87.0238,1.35523,1502.06,91.9171,1277.28,2377.96
2026-09-21 16:00:00+02:00,546.348,83.6254,87.4638,1.54688,1414.48,95.88,1272.51,2168.44
2026-09-21 16:15:00+02:00,546.518,82.7344,98.0175,1.65739,1266.35,96.9132,1307.0,2162.61
2026-09-21 16:30:00+02:00,556.025,79.8066,113.924,1.71473,1207.39,96.8013,1314.55,2339.89
2026-09-21 16:45:00+02:00,591.635,83.0612,140.925,1.90173,1093.33,98.9898,1336.08,2296.49
2026-09-21 17:00:00+02:00,584.312,80.8669,140.189,2.16685,780.945,96.386,1369.98,2151.68
2026-09-21 17:15:00+02:00,655.104,149.616,135.664,2.43777,645.801,97.823,1387.04,2080.27
2026-09-21 17:30:00+02:00,722.46,161.523,136.488,2.75138,591.318,98.8469,1387.59,1948.1
2026-09-21 17:45:00+02:00,717.627,97.7601,174.568,3.01,533.531,98.9751,1383.51,1809.13
2026-09-21 18:00:00+02:00,748.322,84.7286,208.544,3.69089,364.451,97.9184,1371.61,1683.55
2026-09-21 18:15:00+02:00,742.112,91.6897,218.819,3.88246,221.868,97.5784,1353.8,1517.14
2026-09-21 18:30:00+02:00,755.904,112.682,224.732,3.97759,128.527,96.7923,1341.84,1371.05
2026-09-21 18:45:00+02:00,821.477,172.7,216.635,6.51068,68.5115,98.946,1322.3,1250.91
2026-09-21 19:00:00+02:00,838.354,199.432,217.915,24.7119,34.6046,97.3763,1309.14,1203.89
2026-09-21 19:15:00+02:00,878.754,195.423,219.401,18.3773,28.0742,96.6059,1296.23,1127.49
2026-09-21 19:30:00+02:00,905.951,140.681,218.956,5.20962,10.2811,96.8824,1276.98,1002.4
2026-09-21 19:45:00+02:00,922.591,162.235,218.708,5.33951,7.39264,99.0897,1267.59,925.816
2026-09-21 20:00:00+02:00,928.928,184.258,218.063,5.2622,6.4488,98.2023,1259.31,878.487
2026-09-21 20:15:00+02:00,929.553,162.476,218.96,5.31794,6.33927,97.4254,1223.69,836.64
2026-09-21 20:30:00+02:00,919.918,143.034,219.668,5.31059,6.38329,97.8707,1205.07,814.494
2026-09-21 20:45:00+02:00,925.971,136.533,218.757,5.31407,22.9663,97.9199,1171.05,783.746
2026-09-21 21:00:00+02:00,915.146,91.9172,219.258,5.32233,20.7561,96.5901,1152.23,756.468
2026-09-21 21:15:00+02:00,906.219,81.0848,219.291,5.30429,35.8083,96.859,1076.4,736.086
2026-09-21 21:30:00+02:00,869.515,69.3567,219.184,5.15786,39.1418,97.2824,1033.28,730.682
2026-09-21 21:45:00+02:00,868.502,68.268,219.167,5.16048,39.0911,97.3802,1021.36,731.7
2026-09-21 22:00:00+02:00,890.887,67.4687,219.481,5.31354,54.6174,97.4426,989.063,718.105
2026-09-21 22:15:00+02:00,889.446,67.0639,219.113,5.29911,60.2888,96.5149,958.884,689.435
2026-09-21 22:30:00+02:00,872.329,65.6753,219.763,5.299,60.3389,97.127,928.729,679.518
2026-09-21 22:45:00+02:00,851.826,62.8597,219.037,5.30858,60.2903,97.2492,847.193,669.488
2026-09-21 23:00:00+02:00,819.79,60.954,218.91,5.28822,60.3101,95.9818,837.755,633.619
2026-09-21 23:15:00+02:00,815.092,89.0411,219.539,5.29754,60.1463,96.9018,791.268,627.464
2026-09-21 23:30:00+02:00,809.986,115.622,219.019,5.29749,60.1795,97.2673,738.09,607.009
2026-09-21 23:45:00+02:00,794.208,95.1043,219.203,5.2808,60.1198,97.5645,717.251,597.521
2026-09-22 00:00:00+02:00,766.953,57.8456,218.375,5.24259,15.2557,94.2835,715.116,557.927
2026-09-22 00:15:00+02:00,714.721,44.7258,218.515,5.27234,0.736336,91.861,662.231,551.844
2026-09-22 00:30:00+02:00,713.322,46.1951,219.549,5.2268,0.672027,90.5697,599.414,558.761
2026-09-22 00:45:00+02:00,700.424,44.9764,219.288,5.20909,0.640854,92.409,520.962,554.568
2026-09-22 01:00:00+02:00,627.221,33.649,219.079,5.17876,0.655477,91.9798,493.962,534.145
2026-09-22 01:15:00+02:00,637.723,35.05,218.531,5.20872,0.663903,93.2103,457.286,518.212
2026-09-22 01:30:00+02:00,627.256,33.7367,219.004,5.17271,0.661837,92.8478,445.403,501.657
2026-09-22 01:45:00+02:00,596.725,29.114,219.23,5.13927,0.670945,92.0833,439.799,478.641
2026-09-22 02:00:00+02:00,598.769,29.3788,218.956,5.15373,0.638459,92.6366,441.598,475.604
2026-09-22 02:15:00+02:00,586.737,27.3766,218.899,5.16172,0.824107,92.0591,418.551,457.328
2026-09-22 02:30:00+02:00,618.795,32.359,218.773,5.15902,0.811913,93.4305,394.966,432.515
2026-09-22 02:45:00+02:00,584.47,26.458,218.926,5.16499,0.820544,92.6165,373.136,421.181
2026-09-22 03:00:00+02:00,586.266,26.9771,219.044,5.15644,0.839848,92.6689,365.786,392.386
2026-09-22 03:15:00+02:00,566.057,24.131,218.759,5.10475,0.814432,90.2658,343.233,386.551
2026-09-22 03:30:00+02:00,537.039,19.9634,219.524,5.06361,0.586998,89.9189,279.243,381.313
2026-09-22 03:45:00+02:00,511.977,14.7076,219.755,5.12769,0.57767,88.4803,254.795,337.242
2026-09-22 04:00:00+02:00,497.092,12.1287,219.113,5.11389,0.626483,88.9643,208.835,335.31
2026-09-22 04:15:00+02:00,489.896,11.4129,218.57,5.04412,0.658175,88.8031,201.675,301.538
2026-09-22 04:30:00+02:00,483.823,10.5168,218.559,5.05063,0.587128,86.911,224.329,251.151
2026-09-22 04:45:00+02:00,477.481,9.79214,219.075,5.02623,0.614345,87.2698,208.835,225.21
2026-09-22 05:00:00+02:00,466.109,7.67,218.79,5.02453,0.61613,87.6248,183.959,208.498
2026-09-22 05:15:00+02:00,453.629,5.88419,219.087,5.00839,0.64359,86.2521,128.857,225.081
2026-09-22 05:30:00+02:00,472.85,25.1267,219.494,5.03714,0.597057,87.4715,111.028,208.005
2026-09-22 05:45:00+02:00,504.102,62.5106,218.511,5.01199,17.0829,88.0953,96.8405,200.147
2026-09-22 06:00:00+02:00,494.443,42.6728,219.062,5.0188,20.2691,87.5059,111.467,177.357
2026-09-22 06:15:00+02:00,478.285,17.9606,219.032,4.91939,20.2824,85.9839,93.6786,170.048
2026-09-22 06:30:00+02:00,503.476,41.9514,218.375,4.99676,20.2918,87.1284,80.0148,154.531
2026-09-22 06:45:00+02:00,480.501,19.9004,219.081,4.90205,24.7666,86.305,67.691,140.545
2026-09-22 07:00:00+02:00,458.952,22.1361,218.752,4.83982,14.2647,85.8669,52.5135,128.498
2026-09-22 07:15:00+02:00,434.574,21.0321,219.293,4.81752,34.4983,85.7258,36.5592,115.245
2026-09-22 07:30:00+02:00,434.102,19.1862,218.523,4.83071,78.0598,85.1397,29.9884,89.3866
2026-09-22 07:45:00+02:00,439.198,19.4729,217.739,4.80933,164.866,84.7979,25.438,71.4251
2026-09-22 08:00:00+02:00,464.932,48.0007,219.887,4.99991,303.451,86.3804,21.4889,60.0447
2026-09-22 08:15:00+02:00,451.823,44.5837,219.837,5.02101,451.559,85.8062,17.9296,53.7364
2026-09-22 08:30:00+02:00,443.396,19.3975,218.708,4.84744,624.117,84.1509,12.6677,50.9936
2026-09-22 08:45:00+02:00,457.919,21.2656,219.103,4.82375,859.378,86.6263,13.2241,47.2489
2026-09-22 09:00:00+02:00,479.188,10.6298,218.974,4.92701,1059.42,86.2524,14.2217,44.7628
2026-09-22 09:15:00+02:00,448.69,9.30014,218.888,4.58246,1209.43,86.7424,8.50015,49.9549
2026-09-22 09:30:00+02:00,497.939,11.634,218.604,5.0295,1399.01,87.0495,6.42938,50.4992
2026-09-22 09:45:00+02:00,482.683,18.3458,218.614,4.87789,1660.0,85.5205,6.44595,52.1576
2026-09-22 10:00:00+02:00,512.369,21.4457,219.527,5.01593,1838.55,84.5779,3.0725,55.5283
2026-09-22 10:15:00+02:00,536.177,24.1795,219.182,5.06657,1858.79,86.9663,1.95394,59.7347
2026-09-22 10:30:00+02:00,577.152,31.1819,218.643,5.06062,1708.49,87.8384,1.24313,61.4393
2026-09-22 10:45:00+02:00,610.16,40.1344,218.98,5.07848,1958.17,88.3439,1.56185,60.4463
2026-09-22 11:00:00+02:00,554.082,63.934,218.088,8.12776,2125.44,87.9168,1.5277,60.0849
2026-09-22 11:15:00+02:00,595.936,134.362,219.284,27.4392,2112.64,88.4816,0.464086,64.8105
2026-09-22 11:30:00+02:00,527.933,60.3392,218.799,5.18228,2166.4,88.4649,1.74185,66.1105
2026-09-22 11:45:00+02:00,470.006,42.1153,218.819,3.99719,2209.41,88.6059,1.10502,66.6088
2026-09-22 12:00:00+02:00,501.496,39.8341,219.259,4.10099,2115.75,89.623,1.31852,67.115
2026-09-22 12:15:00+02:00,581.745,33.7863,218.777,4.73566,2136.82,90.5077,5.32349,70.2074
2026-09-22 12:30:00+02:00,498.985,28.4409,218.772,4.27564,2139.96,89.084,13.9505,82.3071
2026-09-22 12:45:00+02:00,394.227,21.8136,218.385,3.64827,2309.87,89.1011,19.9493,107.685
2026-09-22 13:00:00+02:00,530.674,33.6468,219.066,4.41874,2320.62,90.8593,12.0732,151.884
2026-09-22 13:15:00+02:00,530.081,30.0959,219.168,4.5918,2272.53,88.9474,5.62526,178.636
2026-09-22 13:30:00+02:00,499.099,21.5739,218.69,4.65165,2147.01,87.5219,3.57016,189.222
2026-09-22 13:45:00+02:00,494.935,21.3738,219.042,4.62357,2066.18,84.736,3.49341,201.367
2026-09-22 14:00:00+02:00,547.869,22.3457,219.134,5.06968,1980.8,85.4591,4.18303,199.573
2026-09-22 14:15:00+02:00,535.153,21.2542,219.253,4.97235,2075.21,85.3638,2.90858,195.298
2026-09-22 14:30:00+02:00,546.667,21.1354,218.949,5.13149,2085.23,86.9975,2.58389,204.01
2026-09-22 14:45:00+02:00,533.717,21.7899,218.78,5.08821,2039.78,86.8581,2.53919,204.183
2026-09-22 15:00:00+02:00,532.017,21.8563,218.769,6.13717,1964.0,87.7083,3.55254,209.911
2026-09-22 15:15:00+02:00,537.724,25.5399,219.06,4.79212,1970.65,88.9858,5.89129,203.271
2026-09-22 15:30:00+02:00,541.168,24.7871,218.686,4.88309,2029.27,88.4204,16.133,202.939
2026-09-22 15:45:00+02:00,512.693,21.9915,219.295,4.90745,1851.26,86.0149,19.5409,203.814
2026-09-22 16:00:00+02:00,515.124,20.3308,219.312,4.97306,1708.11,87.6294,19.4049,213.912
2026-09-22 16:15:00+02:00,526.718,19.6227,219.479,5.01577,1620.52,90.0237,23.9891,216.953
2026-09-22 16:30:00+02:00,537.697,21.0548,218.812,4.97286,1539.42,87.2629,27.8404,234.597
2026-09-22 16:45:00+02:00,543.822,24.8187,218.696,5.05933,1354.67,87.1405,26.8809,245.642
2026-09-22 17:00:00+02:00,560.295,32.5393,218.747,5.16791,1214.05,89.2201,28.8389,260.572
2026-09-22 17:15:00+02:00,555.837,35.5502,219.019,5.16394,1040.14,88.3701,32.7903,254.911
2026-09-22 17:30:00+02:00,533.803,31.6736,219.354,5.12003,709.116,87.9339,35.5224,255.933
2026-09-22 17:45:00+02:00,525.912,40.5619,219.09,5.11092,487.035,88.4897,35.2735,232.034
2026-09-22 18:00:00+02:00,525.318,80.8197,218.324,5.0997,370.35,88.1577,30.5259,220.991
2026-09-22 18:15:00+02:00,515.844,83.7505,218.861,5.06848,249.17,87.0787,33.2226,202.669
2026-09-22 18:30:00+02:00,500.982,81.3963,219.799,5.04841,179.388,87.0659,35.4358,173.452
2026-09-22 18:45:00+02:00,495.108,80.1657,219.103,5.03849,93.9372,86.0754,33.4243,151.578
2026-09-22 19:00:00+02:00,485.214,78.1177,218.454,5.03418,73.1109,86.1662,31.5224,151.718
2026-09-22 19:15:00+02:00,487.728,78.3031,218.837,5.02549,60.8704,85.6662,34.2686,139.244
2026-09-22 19:30:00+02:00,487.239,78.684,218.982,5.0334,55.1159,85.5567,32.0272,128.796
2026-09-22 19:45:00+02:00,485.476,79.6244,218.86,5.01964,54.6643,86.4649,41.5632,117.153
2026-09-22 20:00:00+02:00,483.83,78.5084,218.446,5.00719,54.704,84.8186,44.4359,113.601
2026-09-22 20:15:00+02:00,496.956,80.6669,218.774,5.01878,54.7072,86.3388,42.2508,120.282
2026-09-22 20:30:00+02:00,499.285,80.7055,219.223,5.03372,54.7633,87.9077,41.8625,124.44
2026-09-22 20:45:00+02:00,495.923,80.0692,218.851,4.99993,54.6555,86.6445,38.0108,131.886
2026-09-22 21:00:00+02:00,502.777,66.6156,219.322,4.99542,18.5356,86.5849,46.6396,141.215
2026-09-22 21:15:00+02:00,513.208,55.746,219.202,5.00173,7.45382,86.6085,58.6099,148.378
2026-09-22 21:30:00+02:00,507.827,56.1075,219.57,5.01564,7.44485,86.2932,65.3615,158.745
2026-09-22 21:45:00+02:00,487.573,54.9221,218.952,5.00083,7.4505,85.5971,77.4618,153.814
2026-09-22 22:00:00+02:00,507.105,35.853,219.059,5.01726,7.30248,87.5473,78.6013,167.645
2026-09-22 22:15:00+02:00,522.113,32.2214,218.634,5.05147,5.14693,87.6769,82.0473,189.538
2026-09-22 22:30:00+02:00,492.908,29.2581,219.025,5.02761,4.95891,87.154,65.0968,200.605
2026-09-22 22:45:00+02:00,500.318,30.5095,218.854,5.03346,5.03034,87.4466,55.5402,208.832
2026-09-22 23:00:00+02:00,509.544,18.6549,218.934,5.05999,16.8579,87.6014,56.9561,216.336
2026-09-22 23:15:00+02:00,509.817,14.241,218.902,5.07281,6.76455,87.9233,71.3622,230.478
2026-09-22 23:30:00+02:00,509.176,13.6856,218.802,5.0793,4.93598,87.3185,80.4302,234.01
2026-09-22 23:45:00+02:00,492.999,11.2833,219.002,5.06158,4.91861,85.9822,82.8656,232.7
2026-09-23 00:00:00+02:00,501.354,11.7199,219.196,5.09123,10.6852,86.2718,83.6408,238.431
2026-09-23 00:15:00+02:00,501.452,11.74,219.106,5.06986,7.21958,87.6656,78.0225,238.51
2026-09-23 00:30:00+02:00,509.082,13.1291,217.319,5.07033,5.16748,86.6168,73.473,222.649
2026-09-23 00:45:00+02:00,492.221,12.1886,219.368,5.06693,4.96208,87.6649,66.7893,226.148
2026-09-23 01:00:00+02:00,478.893,9.43124,218.617,5.0665,4.95926,87.9044,64.0163,227.756
2026-09-23 01:15:00+02:00,465.709,12.4331,217.473,5.07249,4.95638,87.6145,48.8917,222.103
2026-09-23 01:30:00+02:00,466.085,16.0309,215.621,4.98603,5.03816,87.2075,43.5221,216.153
2026-09-23 01:45:00+02:00,458.905,6.9291,215.418,4.97236,5.06009,85.1072,51.0774,209.509
2026-09-23 02:00:00+02:00,454.246,4.77056,220.27,5.06187,6.47875,87.4634,70.7699,206.5
2026-09-23 02:15:00+02:00,449.491,5.43642,219.827,5.02516,5.17284,86.9889,78.8747,202.801
2026-09-23 02:30:00+02:00,454.01,14.4169,219.04,4.97956,5.04019,86.4287,76.7395,191.075
2026-09-23 02:45:00+02:00,461.226,7.33621,218.958,5.04657,5.06012,87.3851,78.2888,184.858
2026-09-23 03:00:00+02:00,488.14,11.5985,217.831,5.08247,4.93835,88.0633,72.8264,195.137
2026-09-23 03:15:00+02:00,507.644,13.9585,218.285,5.07104,4.97591,87.5265,69.0165,206.254
2026-09-23 03:30:00+02:00,504.091,14.9011,220.064,5.05269,4.87252,88.6466,76.9912,208.398
2026-09-23 03:45:00+02:00,512.04,23.4098,219.493,5.05537,4.81344,88.0523,93.6112,207.199
2026-09-23 04:00:00+02:00,481.694,10.7394,219.33,5.033,4.8464,87.348,112.046,207.975
2026-09-23 04:15:00+02:00,479.438,9.45851,219.038,5.04472,4.9158,87.0812,111.127,214.769
2026-09-23 04:30:00+02:00,478.328,8.8628,219.762,5.06282,5.02082,86.947,119.875,212.192
2026-09-23 04:45:00+02:00,480.709,13.805,219.535,4.94751,5.01992,87.6424,123.845,224.111
2026-09-23 05:00:00+02:00,509.164,18.8303,218.488,5.03072,5.05654,87.3863,120.16,234.216
2026-09-23 05:15:00+02:00,522.342,20.9258,218.894,5.08156,5.10485,89.5642,115.25,248.121
2026-09-23 05:30:00+02:00,536.658,26.6643,219.722,5.10918,5.09469,88.9088,115.216,260.155
2026-09-23 05:45:00+02:00,545.37,36.6386,219.323,5.11788,5.08079,90.4598,117.241,283.286
2026-09-23 06:00:00+02:00,548.55,63.5724,218.983,5.03362,7.20236,90.1666,119.945,284.139
2026-09-23 06:15:00+02:00,533.06,62.2794,218.898,4.96968,7.37,89.1589,123.211,278.101
2026-09-23 06:30:00+02:00,527.022,59.7491,218.565,4.98727,8.75825,88.1036,136.127,269.553
2026-09-23 06:45:00+02:00,552.284,62.4648,219.644,5.02285,7.5739,86.978,149.325,259.907
2026-09-23 07:00:00+02:00,547.914,73.3448,219.142,4.89452,45.1895,88.9788,160.616,251.455
2026-09-23 07:15:00+02:00,563.875,75.9322,218.152,4.81922,61.8931,88.2272,160.798,257.806
2026-09-23 07:30:00+02:00,557.342,74.793,219.074,4.8098,82.3252,88.8024,157.05,254.727
2026-09-23 07:45:00+02:00,547.135,74.1722,219.219,4.79872,101.709,86.3152,162.904,242.409
2026-09-23 08:00:00+02:00,558.797,67.6153,219.031,4.85927,89.9193,87.93,166.535,237.684
2026-09-23 08:15:00+02:00,568.275,65.3956,219.114,4.84374,116.583,88.9029,170.302,242.358
2026-09-23 08:30:00+02:00,535.95,63.2784,219.358,4.71955,165.097,87.5669,188.427,249.906
2026-09-23 08:45:00+02:00,544.223,66.5611,218.395,4.87872,209.153,91.017,198.352,235.337
2026-09-23 09:00:00+02:00,584.102,82.5466,218.942,4.95038,233.768,92.7488,217.565,224.56
2026-09-23 09:15:00+02:00,535.416,52.4981,219.342,4.79863,268.618,91.9513,217.741,229.423
2026-09-23 09:30:00+02:00,523.861,49.3432,219.166,4.78156,338.189,91.9616,220.149,218.116
2026-09-23 09:45:00+02:00,515.72,44.8464,219.277,4.77971,386.759,90.0808,218.896,221.402
2026-09-23 10:00:00+02:00,523.354,31.7304,218.889,4.68449,465.112,89.7974,226.521,228.056
2026-09-23 10:15:00+02:00,523.44,26.5175,218.726,4.71188,574.19,89.2652,232.03,233.004
2026-09-23 10:30:00+02:00,539.435,28.6089,218.909,4.83104,582.47,89.0136,224.501,240.718
2026-09-23 10:45:00+02:00,522.856,28.713,219.358,4.6706,614.661,87.1354,206.778,243.237
2026-09-23 11:00:00+02:00,549.379,30.2645,219.385,4.62369,715.31,89.0849,190.534,254.288
2026-09-23 11:15:00+02:00,532.277,35.2223,219.422,4.17467,644.244,91.4848,196.818,274.731
2026-09-23 11:30:00+02:00,543.403,40.044,219.106,3.9949,609.406,91.2151,208.073,291.761
2026-09-23 11:45:00+02:00,581.525,44.4829,219.275,4.76154,700.013,93.1318,187.326,308.858
2026-09-23 12:00:00+02:00,605.691,45.5034,218.904,4.29836,721.655,93.1077,180.711,321.149
2026-09-23 12:15:00+02:00,597.651,42.4505,218.988,7.77847,760.505,92.0118,193.71,342.491
2026-09-23 12:30:00+02:00,563.553,35.9103,219.277,4.41179,808.045,90.311,243.583,350.024
2026-09-23 12:45:00+02:00,561.8,36.1936,219.134,4.38943,805.308,90.1084,268.221,354.185
2026-09-23 13:00:00+02:00,617.029,48.7041,219.282,4.21936,879.554,93.9828,281.131,363.562
2026-09-23 13:15:00+02:00,656.317,52.5006,218.8,4.3989,776.467,93.3771,311.7,371.829
2026-09-23 13:30:00+02:00,711.633,61.7915,219.202,4.41594,757.381,92.2803,324.995,363.44
2026-09-23 13:45:00+02:00,722.807,69.0959,219.498,4.10133,836.624,95.5571,340.774,386.491
2026-09-23 14:00:00+02:00,724.911,70.6145,218.759,4.13587,765.75,97.9123,360.79,393.223
2026-09-23 14:15:00+02:00,709.267,65.2,218.175,12.919,566.529,97.4478,373.744,414.295
2026-09-23 14:30:00+02:00,725.941,67.4917,218.587,9.01194,608.015,97.038,411.485,433.592
2026-09-23 14:45:00+02:00,771.411,72.4898,219.158,4.48288,599.038,97.5696,444.362,436.963
2026-09-23 15:00:00+02:00,733.454,67.5176,219.433,9.5988,541.479,96.2461,480.46,431.46
2026-09-23 15:15:00+02:00,702.104,62.6542,219.244,4.56528,525.413,95.3867,498.987,434.8
2026-09-23 15:30:00+02:00,676.559,62.577,219.035,4.11276,456.835,95.2195,550.244,457.903
2026-09-23 15:45:00+02:00,759.897,73.3106,218.636,4.35342,446.127,98.7706,608.398,495.612
2026-09-23 16:00:00+02:00,755.026,76.0462,218.325,4.31951,398.126,97.0726,632.36,537.319
2026-09-23 16:15:00+02:00,776.82,76.3931,219.235,4.5763,361.756,99.8104,702.523,580.444
2026-09-23 16:30:00+02:00,786.813,69.2761,219.34,4.77398,294.819,98.904,773.59,618.333
2026-09-23 16:45:00+02:00,806.904,75.8444,218.88,4.75873,232.144,98.6415,789.418,615.931
2026-09-23 17:00:00+02:00,772.395,89.3273,218.911,4.45434,225.604,98.7552,895.398,617.59
2026-09-23 17:15:00+02:00,785.246,88.9055,219.622,4.78903,206.556,98.3573,878.539,630.43
2026-09-23 17:30:00+02:00,796.319,95.5344,219.466,5.00756,166.047,96.6831,764.811,655.81
2026-09-23 17:45:00+02:00,818.782,152.796,219.013,5.08036,157.106,98.3157,823.112,711.336
2026-09-23 18:00:00+02:00,821.905,158.688,219.041,5.00324,147.392,98.9304,796.512,795.17
2026-09-23 18:15:00+02:00,845.243,161.196,218.479,5.03192,119.651,97.8555,768.116,850.26
2026-09-23 18:30:00+02:00,780.588,149.87,219.06,7.02108,109.669,96.1773,782.89,938.286
2026-09-23 18:45:00+02:00,722.558,125.403,218.758,5.68442,103.321,94.4376,678.482,1012.44
2026-09-23 19:00:00+02:00,824.017,136.569,218.634,4.92276,85.3122,98.3372,686.581,1088.37
2026-09-23 19:15:00+02:00,766.412,123.276,219.086,4.80973,80.4287,96.0552,767.879,1122.75
2026-09-23 19:30:00+02:00,763.124,110.149,219.539,4.87922,77.1942,94.9237,787.301,1203.56
2026-09-23 19:45:00+02:00,754.36,96.1091,219.242,8.30052,60.266,92.8191,831.957,1245.74
2026-09-23 20:00:00+02:00,680.468,81.875,218.576,4.93774,20.7775,91.9048,802.762,1214.13
2026-09-23 20:15:00+02:00,613.255,75.8264,218.987,4.5801,14.0954,92.6378,828.676,1264.92
2026-09-23 20:30:00+02:00,619.005,77.7128,218.665,4.68197,15.649,91.8323,858.775,1252.47
2026-09-23 20:45:00+02:00,583.359,75.6607,219.192,4.66974,6.93399,91.4549,989.733,1325.66
2026-09-23 21:00:00+02:00,634.839,66.8734,219.342,4.77026,6.71671,93.6058,1214.85,1281.6
2026-09-23 21:15:00+02:00,790.123,87.1299,218.702,4.89584,5.56344,98.1668,1201.46,1179.1
2026-09-23 21:30:00+02:00,746.905,84.2263,218.739,4.45874,5.40397,97.5001,1192.83,1112.5
2026-09-23 21:45:00+02:00,732.23,82.1245,218.528,4.33984,5.17738,97.7704,1263.93,1075.9
2026-09-23 22:00:00+02:00,716.572,81.0424,218.355,4.39423,7.17968,97.6601,1277.2,1070.23
2026-09-23 22:15:00+02:00,736.633,81.5667,218.525,4.55553,7.50509,98.7188,1283.71,1170.51
2026-09-23 22:30:00+02:00,722.76,80.6663,219.34,4.46497,5.39663,97.8208,1198.85,1166.26
2026-09-23 22:45:00+02:00,735.159,83.7779,219.243,4.42978,5.21901,97.0794,1226.2,1155.06
2026-09-23 23:00:00+02:00,690.52,72.2621,219.098,4.14144,5.22719,96.9246,1184.99,1199.95
2026-09-23 23:15:00+02:00,647.127,69.029,218.796,3.66508,5.21488,97.1711,1158.28,1238.91
2026-09-23 23:30:00+02:00,670.927,69.2046,218.963,3.82022,5.1875,95.6682,1200.61,1312.32
2026-09-23 23:45:00+02:00,659.427,68.9741,219.028,3.76183,5.02224,96.5745,1225.35,1364.83
2026-09-24 00:00:00+02:00,705.101,69.1887,219.431,4.35466,5.13463,97.673,1238.14,1422.15
2026-09-24 00:15:00+02:00,733.81,103.919,219.538,4.45512,5.53502,97.3126,1216.5,1504.92
2026-09-24 00:30:00+02:00,715.02,78.6822,218.69,4.23792,5.62579,95.9263,1229.0,1578.51
2026-09-24 00:45:00+02:00,700.389,72.3103,215.205,4.1499,5.40365,96.0947,1259.06,1627.37
2026-09-24 01:00:00+02:00,727.773,70.8311,198.572,4.36601,5.54653,95.9725,1375.42,1697.22
2026-09-24 01:15:00+02:00,750.88,72.7273,196.193,4.4894,5.38349,95.3421,1379.91,1763.37
2026-09-24 01:30:00+02:00,746.166,73.3494,197.148,4.47161,5.28424,96.1697,1361.88,1805.72
2026-09-24 01:45:00+02:00,753.734,76.1524,193.209,4.41625,5.41311,96.5295,1323.85,1810.91
2026-09-24 02:00:00+02:00,707.342,72.1205,175.099,3.9903,5.42478,96.9614,1300.46,1828.94
2026-09-24 02:15:00+02:00,661.432,72.1599,171.912,3.59112,5.55048,96.0057,1281.89,1799.62
2026-09-24 02:30:00+02:00,652.12,70.1136,172.733,3.55954,5.28411,97.4634,1255.59,1882.0
2026-09-24 02:45:00+02:00,701.38,69.9275,176.974,4.08293,5.35431,97.6402,1230.07,1993.8
2026-09-24 03:00:00+02:00,722.138,72.8385,200.968,4.27898,5.45499,95.3047,1201.98,2132.89
2026-09-24 03:15:00+02:00,742.428,78.1116,206.002,4.33007,5.59844,95.478,1159.98,2141.29
2026-09-24 03:30:00+02:00,752.503,81.6781,206.152,4.27865,5.74076,96.1782,1132.17,2066.98
2026-09-24 03:45:00+02:00,751.146,82.8415,208.227,4.23201,5.32394,96.8028,1115.9,2028.95
2026-09-24 04:00:00+02:00,748.017,82.2588,218.569,4.3204,5.55218,97.1978,1098.93,1999.15
2026-09-24 04:15:00+02:00,760.099,83.1146,219.532,4.39329,5.82262,96.3854,1082.71,1983.77
2026-09-24 04:30:00+02:00,764.119,82.3124,219.982,4.41481,5.87348,95.1652,1071.8,1958.01
2026-09-24 04:45:00+02:00,772.56,82.5275,219.615,4.50523,6.04476,95.2337,1065.16,1931.53
2026-09-24 05:00:00+02:00,826.841,82.2636,219.495,5.03627,5.67312,95.3566,1068.38,1899.75
2026-09-24 05:15:00+02:00,861.4,82.5942,219.203,5.31084,5.56663,95.2149,1059.44,1852.02
2026-09-24 05:30:00+02:00,850.922,82.6382,219.085,5.2155,5.78661,94.6183,1055.18,1797.45
2026-09-24 05:45:00+02:00,840.423,82.4294,218.034,5.17651,5.69034,95.7738,1056.69,1794.61
2026-09-24 06:00:00+02:00,856.275,84.0767,218.652,5.19548,5.60917,95.6578,1073.61,1783.78
2026-09-24 06:15:00+02:00,869.347,83.6495,219.087,5.26391,5.78148,95.384,1087.16,1783.16
2026-09-24 06:30:00+02:00,889.911,85.0321,218.954,5.27546,5.49404,95.8886,1080.02,1806.32
2026-09-24 06:45:00+02:00,902.146,88.9072,218.884,5.26391,21.5174,96.1589,1065.65,1775.25
2026-09-24 07:00:00+02:00,891.89,84.9007,219.326,5.31125,10.8682,97.1847,1064.97,1784.65
2026-09-24 07:15:00+02:00,872.304,93.4483,219.021,5.0956,11.0831,96.6098,1057.75,1774.71
2026-09-24 07:30:00+02:00,886.098,85.2783,218.686,5.17664,43.0347,96.6532,1052.67,1773.86
2026-09-24 07:45:00+02:00,894.279,84.9045,218.461,5.24303,60.4387,95.1219,1049.9,1707.58
2026-09-24 08:00:00+02:00,899.188,85.792,218.735,5.33254,104.978,95.6271,1074.67,1621.44
2026-09-24 08:15:00+02:00,895.891,86.5556,218.963,5.28637,121.155,95.7074,1070.89,1571.29
2026-09-24 08:30:00+02:00,897.059,86.6429,219.012,5.25005,184.115,95.5395,1069.74,1488.55
2026-09-24 08:45:00+02:00,901.901,86.9994,219.011,5.29871,296.823,94.3373,1064.32,1390.02
2026-09-24 09:00:00+02:00,925.315,90.8215,219.008,11.8775,358.127,96.8889,1060.0,1316.56
2026-09-24 09:15:00+02:00,907.693,90.9587,218.98,12.04,506.005,97.1062,1063.19,1214.49
2026-09-24 09:30:00+02:00,932.703,93.3037,219.5,10.5718,558.134,98.4353,1059.2,1143.83
2026-09-24 09:45:00+02:00,947.002,93.846,217.467,5.40081,591.516,99.5832,1048.48,1086.14
2026-09-24 10:00:00+02:00,936.406,91.803,210.32,5.3248,630.881,98.7774,1025.51,1030.59
2026-09-24 10:15:00+02:00,948.358,94.7731,208.897,5.31219,680.952,99.2775,1012.21,969.605
2026-09-24 10:30:00+02:00,962.56,98.5665,209.183,5.3613,676.128,99.9423,1011.65,938.614
2026-09-24 10:45:00+02:00,967.828,101.628,195.696,5.28246,633.447,99.4315,1007.81,907.073
2026-09-24 11:00:00+02:00,989.729,102.226,142.492,4.97838,699.324,98.4748,1002.41,862.287
2026-09-24 11:15:00+02:00,986.408,101.032,130.873,4.95814,695.815,97.5708,991.108,851.151
2026-09-24 11:30:00+02:00,931.027,83.4853,129.824,4.91593,755.211,98.7435,998.206,847.872
2026-09-24 11:45:00+02:00,919.762,82.1202,131.125,5.10331,829.694,96.5849,995.869,851.11
2026-09-24 12:00:00+02:00,890.793,77.7315,132.826,6.39345,828.047,97.0089,981.159,836.236
2026-09-24 12:15:00+02:00,899.548,82.0546,133.103,4.74109,803.587,97.9913,973.762,826.892
2026-09-24 12:30:00+02:00,775.605,80.2109,133.424,3.66152,833.604,95.9739,989.536,803.325
2026-09-24 12:45:00+02:00,759.059,84.0688,133.85,3.36481,867.984,97.0914,997.997,787.932
2026-09-24 13:00:00+02:00,791.479,88.8132,133.963,3.33973,856.884,98.1576,996.972,766.164
2026-09-24 13:15:00+02:00,784.655,85.0773,133.651,3.37527,912.023,96.1703,991.431,795.97
2026-09-24 13:30:00+02:00,762.314,84.5672,134.521,3.28415,1023.94,97.0589,986.439,813.159
2026-09-24 13:45:00+02:00,757.902,83.8159,133.866,3.28595,991.171,96.4466,1005.05,804.814
2026-09-24 14:00:00+02:00,828.856,84.2605,133.899,3.95269,1015.1,97.587,1023.35,814.622
2026-09-24 14:15:00+02:00,835.848,83.4162,135.415,4.05616,908.248,97.5423,1033.59,835.843
2026-09-24 14:30:00+02:00,901.617,82.5982,135.467,4.72122,785.087,98.311,1031.79,862.714
2026-09-24 14:45:00+02:00,901.776,82.4001,136.237,4.78564,774.757,96.7072,1018.02,837.481
2026-09-24 15:00:00+02:00,894.488,82.3867,135.061,4.78922,871.431,99.3155,1003.67,798.87
2026-09-24 15:15:00+02:00,903.867,85.8335,133.357,4.75404,1030.49,99.4408,985.256,816.065
2026-09-24 15:30:00+02:00,916.202,87.3282,133.07,4.71511,1036.22,98.6236,990.688,839.2
2026-09-24 15:45:00+02:00,925.094,90.1219,139.405,4.73965,887.39,98.1202,992.545,809.075
2026-09-24 16:00:00+02:00,960.851,101.26,192.415,4.90716,898.499,99.3173,1002.56,788.686
2026-09-24 16:15:00+02:00,986.686,102.187,216.133,5.2573,855.196,99.2313,980.31,798.497
2026-09-24 16:30:00+02:00,969.931,98.4131,218.334,5.36276,756.694,99.7178,914.647,784.198
2026-09-24 16:45:00+02:00,940.515,93.4237,215.395,5.33843,731.912,97.4473,883.904,755.486
2026-09-24 17:00:00+02:00,940.888,93.4411,218.881,5.30844,656.564,97.8846,874.347,717.157
2026-09-24 17:15:00+02:00,916.537,89.2979,219.668,5.2026,476.636,101.037,862.896,668.998
2026-09-24 17:30:00+02:00,900.335,88.5738,220.109,5.19977,365.681,88.2227,841.111,666.371
2026-09-24 17:45:00+02:00,904.609,128.56,218.444,5.19215,285.694,88.0987,829.983,657.476
2026-09-24 18:00:00+02:00,896.498,102.263,218.248,5.20584,207.453,83.123,805.763,606.372
2026-09-24 18:15:00+02:00,897.619,100.13,218.393,5.20645,138.495,81.8926,740.072,609.802
2026-09-24 18:30:00+02:00,923.869,151.131,216.959,5.15321,85.0994,82.6244,686.376,605.677
2026-09-24 18:45:00+02:00,936.143,160.756,218.193,5.0953,52.5781,82.5528,636.952,573.347
2026-09-24 19:00:00+02:00,960.799,193.807,218.647,6.25922,27.2175,86.3056,590.516,550.606
2026-09-24 19:15:00+02:00,1014.33,258.017,218.839,22.3541,27.8206,88.7137,559.308,532.769
2026-09-24 19:30:00+02:00,1032.95,286.15,218.827,27.2547,35.2859,88.4264,578.372,498.363
2026-09-24 19:45:00+02:00,1030.02,270.678,218.581,14.3874,36.4318,88.1237,553.693,505.854
2026-09-24 20:00:00+02:00,1004.97,235.475,217.001,5.36486,72.8495,87.1786,551.569,529.692
2026-09-24 20:15:00+02:00,974.321,157.045,218.468,5.21584,83.2687,86.6902,546.794,538.536
2026-09-24 20:30:00+02:00,916.707,117.284,219.201,5.04546,58.0337,89.0969,537.722,546.225
2026-09-24 20:45:00+02:00,864.347,105.926,217.954,4.97131,55.7827,92.9308,520.334,564.617
2026-09-24 21:00:00+02:00,828.238,89.3888,218.604,5.12865,54.8073,92.2824,459.867,569.704
2026-09-24 21:15:00+02:00,784.914,92.2465,218.849,5.20038,55.0227,95.1584,425.153,583.699
2026-09-24 21:30:00+02:00,778.185,127.854,218.352,5.20708,55.1252,95.4374,397.097,582.401
2026-09-24 21:45:00+02:00,769.523,139.089,219.258,5.21421,55.0036,95.9094,306.592,568.61
2026-09-24 22:00:00+02:00,762.483,141.95,219.061,5.20739,18.7855,97.1901,265.329,538.873
2026-09-24 22:15:00+02:00,737.93,144.146,218.73,5.13945,7.50777,95.04,266.246,497.354
2026-09-24 22:30:00+02:00,754.687,177.416,219.859,5.16288,7.20527,94.0916,288.962,482.102
2026-09-24 22:45:00+02:00,753.813,182.436,219.343,5.14376,4.98373,94.0667,310.945,470.46
2026-09-24 23:00:00+02:00,644.884,71.3601,218.968,5.09445,6.35035,93.1745,288.869,470.966
2026-09-24 23:15:00+02:00,613.456,43.6981,219.118,5.08861,7.16597,92.608,275.221,464.771
2026-09-24 23:30:00+02:00,640.791,70.7353,218.792,5.15995,5.01755,93.0163,300.863,467.181
2026-09-24 23:45:00+02:00,636.033,50.6559,219.448,5.13085,4.75154,93.0889,341.265,478.557
